episode,step,robot_x,robot_y,dynamic_count,time
1,145,508.0858276753457,126.60620621974469,1,1764873642.802527
2,115,509.2029266685969,47.23403453563843,1,1764873643.041913
3,41,396.1758026616018,26.688422548524176,1,1764873643.1236691
4,21,408.9164989579235,27.518247071832544,1,1764873643.1667295
5,44,406.65607465798905,27.501323752061655,1,1764873643.2553716
6,147,508.5774584138546,63.591518365912265,1,1764873643.5596278
7,99,472.338742419858,27.132096186263187,1,1764873643.792981
8,65,396.9259711373867,24.682143278316413,1,1764873643.9320571
9,930,508.97976304493505,577.7866719478365,1,1764873645.712834
10,85,426.51418986999204,25.896599804208115,1,1764873645.8840628
11,419,509.48447900027344,351.55180309236897,1,1764873646.691975
12,31,398.30783375043814,27.74459421588051,1,1764873646.7613783
13,83,415.7065100102737,25.94551399815603,1,1764873646.9183753
14,42,381.27771617337856,26.023396384059915,1,1764873647.0013826
15,41,423.4919073865025,26.0252245949632,1,1764873647.0829186
16,255,507.1241877078643,184.88314724652759,1,1764873647.582547
17,59,439.3146839473835,27.67584298219643,1,1764873647.700936
18,149,509.33412761347813,59.13945056734067,1,1764873648.0055037
19,86,429.3702078567155,26.167033651757556,1,1764873648.178822
20,111,508.6341971529328,123.93891292622169,1,1764873648.3932362
21,192,507.90921127112483,61.461746998984204,1,1764873648.7698834
22,230,509.9071109862387,50.61461658288983,1,1764873649.2400732
23,121,509.33007226129683,69.38389303669864,1,1764873649.527585
24,156,508.9686727433615,57.69136209378328,1,1764873649.86992
25,156,507.4835878364937,111.36119705970275,1,1764873650.2011964
26,228,508.6385151886696,42.29231273932487,1,1764873650.6576173
27,509,200.6742796302717,335.65258966576914,1,1764873651.6937692
28,192,507.39849508977335,167.04850335592508,1,1764873652.0794728
29,230,509.82244022217793,152.93721191411657,1,1764873652.540065
30,61,385.098009352988,27.436646766561438,1,1764873652.6636834
32,63,409.37138434080543,27.95659716552599,1,1764873655.881582
33,163,509.2240192060873,79.95395588030587,1,1764873656.212366
34,40,410.88700646239243,25.623097905740682,1,1764873656.2967734
35,112,443.0687559701382,26.71367509662359,1,1764873656.56306
36,80,422.7055640200889,27.058976428053548,1,1764873656.7287323
37,147,440.4785606000738,172.64773313760065,1,1764873657.0365624
38,219,507.6194636480551,52.748290271761206,1,1764873657.4719503
39,152,507.75980604645684,46.78092817540242,1,1764873657.7746975
40,36,388.64111339506644,27.460292004181163,1,1764873657.8473125
41,224,507.4419713210893,44.7190728521732,1,1764873658.2891355
42,229,460.59986690940127,26.51656165932279,1,1764873658.7526119
43,166,508.6489287804494,106.84291793312542,1,1764873659.0881617
44,41,400.1255771534002,26.392028224311417,1,1764873659.1758642
45,216,507.8840381753808,126.63774801537002,1,1764873659.6183
46,129,382.12564168645395,152.038672821532,1,1764873659.9129703
47,620,366.7449560684818,674.93239977236,1,1764873661.2337012
48,154,508.82603616811207,102.4897613584832,1,1764873661.532271
49,143,485.7766558405179,26.424742218847875,1,1764873661.8339224
50,44,420.3808494059212,27.860834875798403,1,1764873661.9269242
51,205,509.14680259161827,42.04883111861994,1,1764873662.3642952
52,463,202.83330146076008,421.5454482768031,1,1764873663.3284068
53,118,457.2365287116361,25.629472989266954,1,1764873663.5702848
54,218,508.1856256563749,61.10040227046704,1,1764873664.0099163
55,194,508.85463297163255,42.17411377632761,1,1764873664.4210901
56,366,200.9771573437227,277.9214829075119,1,1764873665.1847832
57,45,386.25332889254656,25.549508931586928,1,1764873665.2867186
58,101,451.5901695447334,26.048496644887816,1,1764873665.4906485
59,323,507.3964383641308,157.24238962557882,1,1764873666.178608
60,244,509.3979997018109,102.24638361978143,1,1764873666.6796787
61,120,507.2472054342641,57.823983288540155,1,1764873666.9305363
62,471,200.2364157524984,427.6769240427531,1,1764873667.9323556
63,135,447.66101904059377,25.06962816033302,1,1764873668.2072604
64,161,457.18909767669,27.8788521699149,1,1764873668.5249212
65,86,422.38603236218347,26.43209415663778,1,1764873668.7079427
66,144,452.31156650241525,27.697692141134297,1,1764873669.0083416
67,121,442.8991707442292,27.754916805525593,1,1764873669.2605352
68,98,415.92642163147525,27.04282609830577,1,1764873669.4708421
69,462,507.3952979003291,380.4580274188845,1,1764873670.4271657
70,227,508.0476551689983,54.83733282290288,1,1764873670.9017065
71,170,496.8957058889902,25.89416426660781,1,1764873671.2444274
72,175,507.2974119477036,78.65622441433686,1,1764873671.5965104
73,578,200.28595869351702,391.59526483132714,1,1764873672.7513947
74,40,408.05642994431895,27.397360782627732,1,1764873672.8321025
75,521,200.6843382223408,378.39831399524354,1,1764873673.8762112
76,79,444.486485095843,26.983948288068536,1,1764873674.0409384
77,209,509.77097184698545,42.403079975944785,1,1764873674.4741879
78,104,417.0632036272384,25.595148689014216,1,1764873674.6887279
79,129,451.96893024718815,26.960509986608926,1,1764873674.9518263
80,104,399.36775628017455,27.090570234958165,1,1764873675.166836
81,85,422.6715201110077,26.614109614945203,1,1764873675.3473036
82,280,507.0976687738556,39.02774187027503,1,1764873675.9244123
83,459,190.1308600215641,427.08249033919606,1,1764873676.8567493
84,145,465.4085583845743,26.315463890215458,1,1764873677.1493897
85,214,508.50553861817184,236.26669852468854,1,1764873677.589488
86,284,469.01784743928266,27.213565294786164,1,1764873678.1673129
87,235,479.3078819540713,25.474367253803745,1,1764873678.6563923
89,150,418.55789569228045,152.4298315887312,1,1764873682.0547583
90,452,202.934951172976,409.37006194228826,1,1764873683.0073495
91,95,375.11158495469675,24.607006882642764,1,1764873683.216058
92,85,393.4579765542901,26.203556651560724,1,1764873683.3930192
93,528,486.4895752324035,27.167953909544238,1,1764873684.4741275
94,299,507.91619486856877,138.58688197823648,1,1764873685.093816
95,154,432.70749610074574,26.60626030261695,1,1764873685.4118989
96,110,367.12365232359724,26.88503285769776,1,1764873685.6535065
97,29,409.9786680248472,27.746680489078553,1,1764873685.7127764
98,156,297.47673076957483,159.30081642292384,1,1764873686.0286436
99,193,427.02312998845116,27.47128884381259,1,1764873686.4139285
100,67,384.45774320285653,27.768607215861046,1,1764873686.551941
101,60,411.9999977728393,27.342972949908788,1,1764873686.6826317
102,166,491.31045635600157,26.130938211164867,1,1764873687.0219667
103,215,482.08923421290797,172.4346566134862,1,1764873687.4632096
104,534,266.26049631941345,674.4627288440589,1,1764873688.609848
105,614,202.2427300412038,608.0358437920429,1,1764873689.9167943
106,74,413.2681770393327,27.55239486199399,1,1764873690.0898192
107,501,151.80574431544724,452.3545191996958,1,1764873691.244866
108,605,202.6148138393465,503.9493801961849,1,1764873692.5008721
109,306,460.2762206859612,27.17545949993266,1,1764873693.1392922
110,569,201.37206073240307,464.8204545604342,1,1764873694.4144707
111,549,201.73887356710384,511.825401885862,1,1764873695.649856
112,506,201.00634808616957,494.86129168375857,1,1764873696.7221675
113,613,201.21415912899573,488.8779053829819,1,1764873698.0630033
114,299,507.0139733293168,76.64073584003374,1,1764873698.6820755
115,303,403.3816271287133,27.005318768397544,1,1764873699.44056
116,178,508.21290046302045,126.9402429643088,1,1764873699.8092332
117,193,398.2943763018183,152.29945075005497,1,1764873700.203759
118,134,461.2674642617272,169.10995098173092,1,1764873700.4771788
119,102,402.29310287422527,27.355849240013853,1,1764873700.6944697
120,139,509.11657378138784,86.30932467244689,1,1764873700.9717135
121,538,202.82922548632268,544.4771333987262,1,1764873702.108746
122,147,424.97631389566135,25.225658757846354,1,1764873702.4175818
123,644,202.0956826917809,476.38571080734613,1,1764873703.7586973
124,249,385.7153872831572,27.229139636842568,1,1764873704.298515
125,721,202.9499632223758,556.2936244506386,1,1764873705.8176653
126,129,409.5052454528789,150.7305823692495,1,1764873706.0816755
127,366,507.26139327585656,299.9171490824773,1,1764873706.865126
128,686,243.82014411558114,672.2291249978207,1,1764873708.2763524
129,199,442.7563091566476,174.1675499935374,1,1764873708.6852508
130,606,185.52902211376536,627.8724210705014,1,1764873709.9279845
131,150,365.51657190613776,26.168604510792623,1,1764873710.2799618
132,107,385.59710985259386,24.934085535252496,1,1764873710.4984355
133,39,374.80451674748986,27.345202457542083,1,1764873710.583378
134,418,507.4032664657455,124.72861797020852,1,1764873711.4372241
135,106,400.07990727586787,27.87126537123107,1,1764873711.6615798
136,606,202.83120456115037,583.5046920107773,1,1764873712.9214914
137,511,201.65320647803446,536.4594245576548,1,1764873713.9981277
138,628,202.5546020438326,605.5879006888025,1,1764873715.3137739
139,227,446.4904434115672,166.10682841155113,1,1764873715.7824473
140,613,199.90097419912695,509.5485625467959,1,1764873717.0295863
141,125,410.75183563259634,26.539904132489294,1,1764873717.289803
142,72,391.76289388776166,25.072277330358524,1,1764873717.440562
143,106,357.6453239579696,25.65473282375364,1,1764873717.6623864
144,207,373.84220176542516,25.813645410936218,1,1764873718.1053078
145,948,199.63804594923573,540.2715864820534,1,1764873720.0906096
146,35,383.14076190327955,26.62695376849146,1,1764873720.1938953
147,519,202.37027846221613,461.9169633312254,1,1764873721.243491
148,822,326.4138436607969,27.359634170419206,1,1764873722.9854639
149,743,226.08191965878117,672.4112374184599,1,1764873724.637944
150,484,201.2233170778255,486.61959145594153,1,1764873725.6520855
151,684,199.67583614098876,541.2049796613851,1,1764873727.2460191
152,88,377.56215934372483,24.87851390103003,1,1764873727.4257421
153,138,382.7530057100213,27.896922388675435,1,1764873727.7460742
154,494,392.0495260395119,27.251528143665652,1,1764873728.9136481
155,217,395.06896118134233,150.00988414383897,1,1764873729.415886
156,151,371.40147013598033,27.4706783637245,1,1764873729.7280338
157,341,387.2954885679129,27.38215020261418,1,1764873730.4222066
158,733,201.8758727275588,528.8749025844687,1,1764873731.9056613
159,401,200.49422029372298,409.85076270751233,1,1764873732.7341607
160,332,318.38709004431996,25.866757653524758,1,1764873733.4126043
161,115,391.1357790200006,27.512373960921074,1,1764873733.6882973
162,166,465.900388462711,152.7566456192181,1,1764873734.1061249
163,107,452.90489155669917,165.26211302902374,1,1764873734.3310213
164,836,200.05323698271667,545.3963454189759,1,1764873736.2227433
165,494,202.10022798761727,479.6408545715444,1,1764873737.3637586
166,260,411.99655199814254,26.803560017082376,1,1764873738.0006902
167,621,200.83787852186444,546.4409668246576,1,1764873739.6473129
168,599,202.92733164279792,595.9360118357642,1,1764873741.183605
169,81,429.6764612091285,151.500101903164,1,1764873741.3756452
170,454,201.93810763929412,556.9027998178399,1,1764873742.5317197
171,97,433.5460833662688,151.37297629241326,1,1764873742.792798
172,470,201.9815592034944,105.07132561340056,1,1764873744.0100157
173,108,432.9757605886284,153.13950075761178,1,1764873744.2947385
174,85,430.17925246407333,153.02646341244895,1,1764873744.526798
175,165,429.97396391687545,177.10709378479672,1,1764873744.971565
176,490,200.17690833833208,475.6719874439793,1,1764873746.309217
177,460,202.39607678550692,484.2087065424566,1,1764873747.56414
178,691,157.9507485607828,453.2419689043986,1,1764873749.4199476
179,1051,200.09598343170026,452.82810159134414,1,1764873751.8546584
180,586,202.47005588807278,464.26393651453617,1,1764873753.4066532
181,627,202.46915482431365,453.3010332197008,1,1764873755.126583
182,477,200.10260268342878,414.292077263441,1,1764873756.4353638
183,482,202.50910499098904,380.7372895721658,1,1764873757.7722497
184,435,201.32394369792627,454.27900835070585,1,1764873758.9769986
185,170,407.1868514826506,165.84078193377346,1,1764873759.4552062
186,285,300.5268277967839,156.22628840652072,1,1764873760.2550957
187,231,364.639863319752,153.3005610899607,1,1764873760.907873
188,147,401.0394827306708,153.1520056134832,1,1764873761.325835
189,136,408.9303030146167,150.89694315299576,1,1764873761.7040749
190,521,201.59389932207307,390.86657757539075,1,1764873763.1999178
191,206,434.981762153532,153.11055206109748,1,1764873763.678379
192,418,201.06855262253973,473.0562215957699,1,1764873764.6668372
193,174,394.31077457318105,166.80333478839904,1,1764873765.0664387
194,466,201.97161080831415,405.5304098753216,1,1764873766.0793355
195,818,201.52406456579587,499.9610307139234,1,1764873767.8082848
196,424,200.54470013773437,406.996379711914,1,1764873768.6980486
197,475,201.6004171469206,493.7515090410349,1,1764873769.7955356
198,438,202.8643669875589,508.6597794657427,1,1764873770.7101743
199,423,279.791078376886,172.31346205504653,1,1764873771.6179688
200,101,322.6100150374384,167.51250894414017,1,1764873771.8516686
201,133,370.899253812619,152.26801505109052,3,1764873772.2043154
202,314,418.72906697744196,451.79103092370866,3,1764873773.0287108
203,229,343.3362325970025,151.44708087391146,3,1764873773.6407301
204,119,273.38436646678167,150.93336559745663,3,1764873773.9767616
205,186,379.82725712647857,164.61381247739644,3,1764873774.490318
206,245,202.85401746020582,228.5695529736497,3,1764873775.1606424
207,526,185.6027825929106,453.1400729086514,3,1764873776.5561776
208,396,200.93668313279363,467.82669771287635,3,1764873777.622316
209,182,408.3828840102125,307.95991768005206,3,1764873778.1163325
210,399,201.8347115311727,469.3564649021109,3,1764873779.2089343
211,387,200.83830981256466,366.5888341982119,3,1764873780.1804025
212,266,200.54892107597504,164.0243717520364,3,1764873780.7419398
213,308,329.4907029560493,465.9104906834503,3,1764873781.4477608
214,273,370.2202693411406,465.4288839158204,3,1764873782.1435363
215,306,377.2544138951969,459.3705438001582,3,1764873782.9449413
216,404,200.1479621926331,548.5370794354709,3,1764873783.9831285
217,411,202.80302255547804,592.5447057361911,3,1764873785.0280604
218,320,202.31315184602937,174.9420776988646,3,1764873785.8437517
219,286,400.07204997350465,451.8180284473395,3,1764873786.5606651
220,107,383.15697398763405,168.1861880800715,3,1764873786.798393
221,127,393.23808953905484,151.1820717036724,3,1764873787.1192522
222,486,201.71330103180057,490.2855670129423,3,1764873788.30022
223,419,200.16820762372242,478.7936496590249,3,1764873789.3178809
224,196,200.43380840105587,153.65623087168504,3,1764873789.7916875
225,306,257.741932256433,152.14372937049504,3,1764873790.614301
226,449,202.2291911427684,475.0663418508063,3,1764873791.7365506
227,353,202.02053960508826,471.5334078660999,3,1764873792.5898561
228,448,175.18630665514593,218.4985126505051,3,1764873793.7496526
229,506,201.29462475232103,485.07371992199194,3,1764873794.9892564
230,689,200.29042214660734,424.540632198814,3,1764873796.494691
231,144,374.77538011714563,152.4826990734103,3,1764873796.8270996
232,530,27.564166254789384,554.6378534216007,3,1764873798.0000598
233,387,201.11795313041222,504.0839467960369,3,1764873798.8513865
234,435,202.88782794465678,597.9203789268122,3,1764873799.9525664
235,276,378.1646536190688,468.7258590294773,3,1764873800.605426
236,510,201.77915310562224,543.836018593913,3,1764873803.5621934
237,527,202.28371510605558,577.1112521985015,3,1764873807.503722
238,345,200.25605750836166,540.8158338044691,3,1764873810.2138011
239,508,200.63287856756028,618.0604730999939,3,1764873814.1486201
240,283,202.57647195500198,84.81509009655768,3,1764873816.1531808
241,100,347.6869100840959,162.63014675439348,3,1764873816.8627527
242,84,373.23258585164416,170.30646831156167,3,1764873817.4845157
243,266,201.29326979604144,159.4233204054336,3,1764873819.4256363
244,574,27.293775941623604,579.0512241314375,3,1764873823.6338575
245,235,327.4516741220049,176.3632700875632,3,1764873825.4725258
246,344,200.2904225536315,523.3032784236417,3,1764873828.1204083
247,680,160.02925092109302,626.5456606991015,3,1764873833.1955943
248,604,202.10412052829187,573.6948750896686,3,1764873838.0657485
249,505,27.179533043054334,557.0820197422271,3,1764873842.2275698
250,489,200.7317758483905,589.6527502100276,3,1764873845.901096
251,550,194.524254712918,626.4371035554777,3,1764873850.132009
252,147,344.6277613678163,151.44984816731986,3,1764873851.2704804
253,286,202.17101815576956,155.59816814711772,3,1764873853.335165
254,542,26.47161319275539,535.9145603456242,3,1764873857.4568877
255,554,27.123678202755755,536.127821792486,3,1764873861.4788895
256,159,299.047810473237,152.6512168459148,3,1764873862.6760042
257,689,27.55485483973311,564.0668006372979,3,1764873867.9008694
258,301,173.81992605608653,217.98375273030263,3,1764873870.2137659
259,604,26.899693473583845,566.834997197179,3,1764873875.5289726
260,314,202.67923853465922,229.76053437765836,3,1764873877.8299215
261,660,93.69633630519957,673.6378951259845,3,1764873882.7401452
262,314,408.1081994746952,450.94218428530354,3,1764873885.2714624
263,349,376.1115347002285,450.97584713911573,3,1764873887.808768
264,66,373.6163809534339,152.64618759101728,3,1764873888.3489652
265,465,201.48287560276296,619.5019160499859,3,1764873891.81036
266,287,351.62466790104355,450.294940501349,3,1764873893.99372
267,620,157.0208800517864,576.202623055425,3,1764873898.5303893
268,169,369.19018828117635,152.6274113272862,3,1764873899.8779538
269,274,201.78943944650595,147.67109170354317,3,1764873902.0173707
270,464,200.63509618661848,607.4377333560384,3,1764873905.4815092
271,616,26.72909899669161,555.8975929058117,3,1764873909.9971302
272,851,286.88895476053654,673.2287356587365,3,1764873916.9377956
273,349,201.71329095191123,672.5937975195545,3,1764873919.4582794
274,220,279.16609506832515,150.59942867321178,3,1764873921.1757307
275,576,66.72457382735111,673.6792956728749,3,1764873925.437542
276,507,196.75074974840427,625.2035546574172,3,1764873929.227335
277,425,239.41044561058783,672.8278438265329,3,1764873932.4843714
278,135,360.95376335018875,165.68122726700827,3,1764873933.5386205
279,378,222.3427681597289,672.4836289058975,3,1764873936.2101405
280,413,193.66921559499403,673.3837215426142,3,1764873939.1815286
281,301,354.0623152964268,478.0620925673969,3,1764873941.4309237
282,216,202.53076052022286,151.29338991535738,3,1764873943.27889
283,352,228.94934860589206,672.1811868898567,3,1764873946.1514463
284,368,202.3441826750326,617.820148234127,3,1764873948.799246
285,184,355.749558076001,170.42787724681594,3,1764873950.2078824
286,474,200.8549672087434,593.6218873071908,3,1764873954.012536
287,91,315.1253419979652,168.73504046096494,3,1764873954.6792207
288,371,233.93444621719837,672.2458091097827,3,1764873957.4292946
289,272,375.1631367903999,470.75238771223184,3,1764873959.5409162
290,341,260.51421834134004,672.7504062104211,3,1764873962.437306
291,382,200.57084036963008,592.807365490232,3,1764873965.5023904
292,393,265.6655858250557,672.1737512926536,3,1764873968.4571338
293,563,183.87651608980718,626.3275290652139,3,1764873972.7016811
294,152,356.55490979677705,165.98127117274134,3,1764873973.93959
295,308,200.26009031840863,244.02536667627152,3,1764873976.3177905
296,61,385.78097317315263,150.88130359827625,3,1764873976.822575
297,302,384.6669626117278,473.66281773674956,3,1764873979.4849505
298,326,201.97826403482438,623.0365528459886,3,1764873982.196117
299,471,193.9978598184716,627.9498444054861,3,1764873986.4392931
300,416,200.67658165031818,626.4121238126056,3,1764873989.6544614
301,392,221.25385827463782,672.898158961569,3,1764873991.5845585
302,449,202.28740144464547,615.9359324020613,3,1764873992.7371895
303,440,201.10315120730775,584.8494892671395,3,1764873993.9619877
304,167,200.03962778703482,102.71767477948246,3,1764873994.4635544
305,418,202.73689204592216,595.8767507653615,3,1764873995.6625092
306,177,200.54051340232672,82.4190768871785,3,1764873996.182218
307,376,196.48458649516735,627.4474451489131,3,1764873997.2017045
308,356,227.98231324806002,672.3852906915588,3,1764873998.1566212
309,347,202.0107981099818,590.8299535993154,3,1764873999.119696
310,488,187.3155600856315,627.9533355983268,3,1764874000.4636488
311,368,200.68939264163748,623.9172522521686,3,1764874001.46315
312,323,201.95723274037402,600.2017014608427,3,1764874002.3540106
313,204,202.14247118830784,160.8238538084639,3,1764874002.9331002
314,165,202.1232841702281,173.80848138737954,3,1764874003.3969913
315,156,358.3735320948883,161.83309503478478,3,1764874003.8349533
316,529,24.65793890306292,509.92931987543784,3,1764874005.361139
317,169,200.88508438404912,138.25325622221445,3,1764874005.8106039
318,198,373.9871951382301,303.3653816339696,3,1764874006.3870108
319,340,201.05022549440096,626.8014536155968,3,1764874007.336971
320,309,282.9892945918133,673.031957423721,3,1764874008.2271373
321,396,201.72593801452163,627.5693662143753,3,1764874009.370793
322,359,201.6030262863843,594.5366327666043,3,1764874010.3745909
323,193,236.93611511825705,154.16701601682243,3,1764874010.8367236
324,194,201.86531338959128,143.16857684062813,3,1764874011.2631521
325,327,202.19652515732417,583.2017408628657,3,1764874011.965487
326,367,201.11740555387252,609.7239236835061,3,1764874012.764426
327,187,201.39941176556496,184.25841901804378,3,1764874013.196546
328,127,202.75903804129055,108.91311653106536,3,1764874013.4930506
329,331,164.81084534825078,626.2619499650608,3,1764874014.2131615
330,391,202.61480211114775,610.0186680756866,3,1764874015.0400946
331,408,200.86371869106185,620.9635103815833,3,1764874016.0752945
332,140,202.5193824291181,133.77669921810636,3,1764874016.3962202
333,106,258.0567307635095,150.98177360161216,3,1764874016.6346245
334,404,170.68852451599565,626.8878997411412,3,1764874017.5330548
335,352,202.23887223499875,529.3905670491023,3,1764874018.4133537
336,407,202.2119412090446,613.7209558171995,3,1764874019.545483
337,308,256.6113750395795,326.23768610086654,3,1764874020.3484316
338,480,180.87389891130934,625.4516802487926,3,1764874021.4850318
339,161,201.92231854032997,111.71901810130689,3,1764874021.904945
340,340,202.25194149512245,616.9645736109461,3,1764874022.7782402
341,319,200.7793357525986,612.3035995777549,3,1764874023.6156955
342,384,202.3105785553302,612.7812594259881,3,1764874024.6067538
343,341,200.48912993232562,595.3309787098716,3,1764874025.5126917
344,201,201.33834731255797,99.25464174119243,3,1764874026.0444531
345,336,200.56006677739103,591.0296052792642,3,1764874026.8147705
346,471,157.72981125340348,627.8556408385367,3,1764874027.905283
347,56,365.3642545368404,151.25946902741165,3,1764874028.031856
348,329,200.6862964679855,606.3341145397808,3,1764874028.7570314
349,152,282.49510152138873,300.05450937660413,3,1764874029.1905394
350,413,200.6082139871893,608.971694273017,3,1764874030.1882083
351,190,200.32382070708414,218.49760332842882,3,1764874030.6453857
352,189,201.231915612647,124.84060559262767,3,1764874031.0516193
353,246,237.11290654796466,450.08722305545353,3,1764874031.6565208
354,432,202.43441019438615,626.9915137605469,3,1764874032.7551906
355,314,201.71392134930528,565.7987043761303,3,1764874033.5112994
356,342,305.54209439875353,472.81831555920235,3,1764874034.2863376
357,339,202.78045728325492,621.4196814196954,3,1764874035.3690867
358,145,201.38050637814558,116.72257652027595,3,1764874036.4344623
359,375,200.47154709340649,623.5284729071618,3,1764874039.317069
360,291,189.7688571736139,627.46255104697,3,1764874041.5719774
361,146,202.44032166049513,153.19727684981774,3,1764874042.558175
362,489,79.18623311727904,497.42070332873493,3,1764874045.894062
363,125,202.08450974462733,134.98181268891167,3,1764874047.008081
364,119,200.39596146233347,152.86342136487968,3,1764874048.0602562
365,177,200.29845615006568,138.2434854820593,3,1764874049.6301382
366,161,200.12875795968444,84.44363798688369,3,1764874050.9949322
367,158,201.82724857636612,143.67532912211482,3,1764874052.2521443
368,312,200.81728365963042,615.3486037549068,3,1764874054.6633892
369,262,272.90139407360596,478.17377639543,3,1764874056.5753489
370,355,202.11856822964816,603.9126297629479,3,1764874059.452633
371,56,376.3331915139973,152.51858962679705,3,1764874059.9202743
372,387,201.0582101602358,618.9783577452998,3,1764874062.9067857
373,224,318.81530714299726,451.41249223368703,3,1764874064.6573343
374,625,58.78578908438109,495.7934569460158,3,1764874069.3044033
375,100,202.07047180650594,110.95394267335972,3,1764874070.1162155
376,288,202.00325238414828,264.47382327807304,3,1764874072.3586419
377,193,279.6092471152073,303.292341507716,3,1764874073.7389207
378,332,201.91917511530318,603.5931802535215,3,1764874076.1505318
379,100,273.70407797493294,151.4451822993005,3,1764874076.960815
380,139,202.51213631550067,158.75172808694742,3,1764874078.0333579
381,139,199.65406024701886,55.13949402848225,3,1764874079.1781626
382,537,49.75463959712729,497.7458895416692,3,1764874083.854742
383,336,202.018643602473,619.4371833266129,3,1764874086.8440783
384,236,322.20736446114813,466.50551019539836,3,1764874088.8495045
385,127,200.65640540061858,106.88594634347875,3,1764874089.805762
386,392,268.76526986708757,673.9750295655012,3,1764874092.7822113
387,177,202.99130440890391,171.54899241755825,3,1764874094.0630562
388,174,276.6921015311945,306.9987137137865,3,1764874095.404755
389,129,201.64732220285262,119.05854728454834,3,1764874096.230928
390,125,269.7019185944372,166.0614655710587,3,1764874097.278652
391,150,201.80565066608207,156.06357591284248,3,1764874098.4181726
392,307,201.5320974230254,624.4021815904739,3,1764874100.7032995
393,180,196.63376914936717,217.57447405109073,3,1764874101.9217715
394,326,173.39351330120476,627.2500939651298,3,1764874104.279987
395,348,171.2331881811681,626.8446269719587,3,1764874106.9788294
396,210,202.83958120066487,301.84525044052697,3,1764874108.5384796
397,321,202.79739950455516,584.3121149342431,3,1764874111.1002035
398,350,202.29640406136818,577.6069487443397,3,1764874113.7722182
399,344,202.8712486839572,618.3556358677134,3,1764874116.5486243
400,342,200.999441425805,603.8259115582274,3,1764874119.5001867
401,348,312.02194314134755,468.84098220336085,3,1764874122.3985093
402,426,85.72140030449329,497.92408552727153,3,1764874126.0399146
403,323,202.35107821969365,595.8175151967589,3,1764874128.609718
404,361,199.62925464640654,621.4368198630442,3,1764874131.3504496
405,158,310.43602329009957,303.10563860262994,3,1764874132.4608028
406,137,201.37424118765125,91.35572022841731,3,1764874133.526702
407,301,174.53327754574056,627.8364713410768,3,1764874135.858694
408,311,202.25177767268548,583.5640384218875,3,1764874138.2689455
409,227,222.50692226248157,301.6421690956229,3,1764874140.1361654
410,248,201.32924772344805,573.9208911923375,3,1764874142.1862211
411,165,241.82243140687717,163.08941165469966,3,1764874143.4140513
412,109,199.8716206945617,95.37279367559285,3,1764874144.2270145
413,326,173.04601077601524,627.2074576873368,3,1764874146.6322663
414,211,350.01763803150203,453.8503250250423,3,1764874148.12574
415,84,202.8739871149818,77.96468198932324,3,1764874148.6917496
416,401,201.7047719856903,584.158322054827,3,1764874151.8435078
417,214,333.1855475811739,450.79139208641885,3,1764874153.7143815
418,325,202.78640464071208,620.6937620835498,3,1764874156.4837978
419,348,201.93212226945494,569.3997880076367,3,1764874159.2122772
420,315,200.8734599964012,626.42950576238,3,1764874161.5575178
421,329,195.64659924348305,627.0421877061418,3,1764874164.1990552
422,144,202.32538919349324,83.89893859128391,3,1764874165.5672035
423,360,200.93685717726967,624.7714444013789,3,1764874168.5555263
424,358,200.68753409583957,587.5433612730176,3,1764874171.5130863
425,415,25.710144409688397,572.9995504604948,3,1764874174.7037365
426,108,202.15996595959726,138.05766097705958,3,1764874175.6771462
427,327,200.09601084857727,621.4840232570896,3,1764874178.1747375
428,147,302.10937608593684,167.8546310721851,3,1764874179.2977836
429,99,201.94845682606592,101.15652360819236,3,1764874179.9757168
430,249,364.85764275483854,452.77417887128763,3,1764874181.9109106
431,285,202.87008997848287,609.6043018100842,3,1764874184.0330327
432,209,215.15966673898856,300.4764406800697,3,1764874185.7947762
433,133,281.00193184614847,302.1696718236828,3,1764874186.8692186
434,305,201.94163265478107,613.2615138019049,3,1764874189.1149695
435,104,202.770031455559,86.09542533477816,3,1764874189.9198697
436,121,202.93241687341012,91.29160621822149,3,1764874190.8290126
437,79,315.38934218547735,150.3877227584342,3,1764874191.4599135
438,376,157.36231735854875,627.4512350622931,3,1764874194.234069
439,79,199.65729458801948,66.13022737269513,3,1764874194.852331
440,80,202.35403014273152,73.63532618084024,3,1764874195.5402167
441,222,202.12214191828724,256.03628805477126,3,1764874197.2115393
442,277,201.25492904917323,622.076650691866,3,1764874199.5427163
443,291,200.14486462172988,606.5279058078738,3,1764874202.0364578
444,109,209.72509408657302,151.6424811370539,3,1764874203.0362072
445,208,202.9173875705527,220.44095224880118,3,1764874204.777729
446,99,200.45940052686214,109.11799691060536,3,1764874205.6865668
447,121,201.6527419840169,117.46095878181947,3,1764874206.7417617
448,355,201.18129780317622,621.6156007487316,3,1764874209.4287431
449,230,202.1137099455135,224.64625913743546,3,1764874211.117163
450,134,200.0931945376039,142.83693721263185,3,1764874212.2342641
451,308,200.6438268886932,618.9344773079938,3,1764874214.7145782
452,103,200.58438294888785,83.00851146749902,3,1764874215.5410962
453,320,200.56493416344742,596.9543253036794,3,1764874217.9983592
454,328,199.78994632513798,606.7650560056776,3,1764874220.446067
455,401,200.4980981871321,605.0524066809146,3,1764874223.3727875
456,62,331.13005058535146,151.46107152324396,3,1764874223.904565
457,113,200.14340002842619,63.25596144695824,3,1764874224.7308073
458,115,200.93677854220215,71.86296479349984,3,1764874225.6465764
459,299,200.18702541306737,619.5947552673276,3,1764874227.8631344
460,313,201.12833070245327,625.7568954696042,3,1764874230.3609319
461,277,202.857421762968,599.8646816528825,3,1764874232.5719593
462,116,202.5226523811696,65.61504804135328,3,1764874233.3972836
463,405,26.9937886233326,548.9287887851294,3,1764874236.5678806
464,381,27.702812197168406,665.882474650079,3,1764874239.3399336
465,236,302.58001802139205,478.65679079449694,3,1764874241.0925224
466,139,287.02284427998376,301.9404399454227,3,1764874242.1700954
467,297,202.0768753424957,588.3317503644947,3,1764874244.3263
468,366,115.22387425895192,673.1776173432129,3,1764874247.0391042
469,274,297.3773333007955,456.08026334005496,3,1764874249.1540322
470,90,202.15874890615274,74.97226921996689,3,1764874249.8689103
471,288,202.96858877157788,616.4995172678257,3,1764874251.9934275
472,315,201.3202186431852,616.5273588959617,3,1764874254.400211
473,236,288.97042170643044,459.061777901932,3,1764874256.1506214
474,142,262.47109039569733,317.87140813223294,3,1764874257.2017055
475,58,349.6839148263191,152.60656680787295,3,1764874257.6546805
476,189,273.8559703444062,453.0304979529914,3,1764874259.109379
477,94,211.95420283762525,152.46800873830435,3,1764874259.8588426
478,344,201.15050860554516,620.5194983358281,3,1764874262.8124835
479,103,201.45716400270663,90.32025953278105,3,1764874263.7079885
480,128,201.80679822835907,157.04758354651497,3,1764874264.8341491
481,154,202.53914277909132,159.9246700359381,3,1764874266.1272504
482,372,142.89747114451842,672.9600211638638,3,1764874269.2295723
483,308,201.9581992807269,618.431854598697,3,1764874271.5055509
484,358,151.33076831504277,672.4587425119602,3,1764874274.1260881
485,329,124.54936591531603,672.3737601970902,3,1764874276.7702372
486,137,196.950937283516,219.85413147925027,3,1764874278.048204
487,79,201.4016353333719,63.77396074944036,3,1764874278.6947997
488,169,294.2558259056339,302.88131168001667,3,1764874280.133592
489,340,146.84928454950006,674.1416367746746,3,1764874283.0527399
490,345,148.46965306903445,672.3315705846766,3,1764874285.5842743
491,330,187.93052429009882,673.3946291057903,3,1764874288.0517862
492,345,184.68158777203297,672.0859448438051,3,1764874290.8189206
493,354,184.0492077258598,673.5774851029008,3,1764874294.0418904
494,341,185.91223908450215,672.4875540161524,3,1764874296.8684194
495,389,165.5286820418195,673.4252849961817,3,1764874299.9658782
496,144,239.92366557953423,156.93940729086054,3,1764874301.1801443
497,116,201.43104468171944,142.55640611126128,3,1764874302.1422021
498,344,162.38148132044384,672.3579906569154,3,1764874304.829214
499,367,168.10598958110867,672.0949432421809,3,1764874307.6184952
500,132,202.18704186171882,133.9636931022589,3,1764874308.6245987
501,116,201.99994208788326,82.46828467679961,3,1764874309.4989195
502,114,200.84678486877598,137.91839726341075,3,1764874310.3050928
503,389,202.46338332964376,601.2949492500625,3,1764874313.1136134
504,325,193.72431983496855,673.1485835699428,3,1764874315.5607321
505,345,196.98794776214922,672.9002986632066,3,1764874317.9826362
506,136,201.66972156250316,168.3253150614002,3,1764874319.0971873
507,373,176.46046203695843,673.2459988314129,3,1764874321.971974
508,308,204.16283971485478,672.9055039646697,3,1764874324.262579
509,122,202.8325014146101,174.0391680868275,3,1764874325.2135327
510,106,201.5175001172592,146.14562180159072,3,1764874326.0513468
511,334,179.64386647846865,672.7938422045875,3,1764874328.614217
512,142,201.65138131232632,151.16586819664008,3,1764874329.7596374
513,350,175.71300281066547,672.2010035417196,3,1764874332.335951
514,101,202.6553319080948,79.55199122510783,3,1764874333.2105138
515,362,180.70559214908377,672.6183177211515,3,1764874336.3967605
516,342,206.1183302933335,673.2406532518212,3,1764874339.4147515
517,351,178.5274151141379,672.8483831508917,3,1764874341.9928517
518,374,184.54543596042092,672.9152177607608,3,1764874344.8939717
519,332,197.86283255691038,672.5349996463141,3,1764874347.4135816
520,322,195.59323293686285,672.6717102652508,3,1764874349.8092754
521,189,170.44962467499533,192.32478533254871,3,1764874351.272626
522,151,210.5222724813778,178.7932958699779,3,1764874352.4192715
523,350,189.55754901763038,672.6461513719431,3,1764874355.0918183
524,323,180.4432775897733,673.4937170858848,3,1764874357.4931493
525,107,201.04946117595674,138.19904729693832,3,1764874358.2766037
526,346,187.02878899498995,672.1157824506527,3,1764874360.7169013
527,94,202.79436989761132,62.15564568563998,3,1764874361.4272492
528,136,202.61581135940932,146.84108295911489,3,1764874362.386631
529,133,193.41863113838542,217.1553123127154,3,1764874363.4331596
530,307,197.80845342490232,672.9278698017082,3,1764874365.776082
531,137,202.98955600016475,175.28575448341292,3,1764874366.8080778
532,333,172.60014544366612,672.5286963733206,3,1764874369.6021912
533,324,184.55377756552193,672.9596936767166,3,1764874372.260609
534,111,202.17682098431752,143.5140771442679,3,1764874373.068812
535,91,201.79749507573356,66.3546204948108,3,1764874373.7141755
536,78,247.41029850807882,163.9009039397996,3,1764874374.2288435
537,319,183.24058893818204,673.2035324595028,3,1764874376.5739276
538,105,202.68607146068322,162.90944136974213,3,1764874377.371056
539,161,249.78642117727497,300.79163815045314,3,1764874378.5540931
540,337,173.23793891707163,673.7274519453782,3,1764874381.3284795
541,108,201.34374577834578,81.9819825816473,3,1764874382.1061046
542,76,201.61501113090904,69.15631266541807,3,1764874382.6993208
543,332,186.94904686851226,672.5527934220823,3,1764874385.227824
544,336,177.60239730697248,673.9664061337382,3,1764874387.7438896
545,139,202.80330804193244,173.6609129094451,3,1764874388.736827
546,362,166.17199965476982,672.3957344018103,3,1764874391.7317529
547,118,228.28913351881192,155.15610112001454,3,1764874392.6041331
548,344,154.97812139117826,672.0707343965013,3,1764874395.2718136
549,84,200.87575273933206,119.69115054513257,3,1764874395.8768115
550,85,278.62849963716127,150.7218505506704,3,1764874396.5152006
551,213,289.4601135767786,453.0687420597198,3,1764874398.138026
552,168,201.3937714530543,217.71880024467086,3,1764874399.4770808
553,365,182.1498915548215,673.0506116205208,3,1764874402.2826254
554,114,199.87368887862834,121.66020023669492,3,1764874403.2871988
555,320,121.62796532793783,672.6980413276133,3,1764874405.94518
556,116,202.46974202967365,97.5677797200085,3,1764874406.939919
557,172,284.59857268266825,324.7860381359523,3,1764874408.221072
558,342,175.6228499758417,672.4864331930612,3,1764874410.84439
559,90,201.7016690141256,64.47343593180786,3,1764874411.5139825
560,95,202.39523734643663,158.055356143557,3,1764874412.126092
561,353,141.53840199659734,672.132990068041,3,1764874414.547659
562,121,201.22196466616901,150.16262344968092,3,1764874415.4859903
563,128,200.06194357679684,127.65806101182139,3,1764874416.440928
564,94,202.6211653399363,75.21196655053808,3,1764874416.8330674
565,175,266.02100143408137,301.9425108604884,3,1764874417.2329543
566,346,154.18176616875866,672.7103486167279,3,1764874417.9925132
567,107,202.1664472620869,56.44392547373721,3,1764874418.2326066
568,323,161.0817755988576,672.62704909012,3,1764874418.9753308
569,126,279.9175290148781,177.39697421875005,3,1764874419.2643552
570,98,201.62923446322387,143.49007713218293,3,1764874419.4938834
571,143,201.5711811169839,108.80268595441703,3,1764874419.8225043
572,98,251.84483243847524,173.18472605516837,3,1764874420.0529618
573,344,152.65660218783884,672.1379852815729,3,1764874420.8178425
574,106,201.23966911184263,65.37015126055279,3,1764874421.0706382
575,332,173.01773019991555,672.4888714884903,3,1764874421.8669643
576,359,159.57641827394136,672.828819542418,3,1764874422.6992824
577,169,201.00089113860693,260.56533280822333,3,1764874423.6082034
578,73,288.0615007067674,151.29277053604818,3,1764874424.0443764
579,88,200.90610494129797,98.80394102827282,3,1764874424.619548
580,84,247.94417523665925,173.1476779563246,3,1764874425.2199945
581,108,202.7726385315819,168.20230820068358,3,1764874426.1707947
582,91,202.45065263408975,133.6234563222038,3,1764874426.9474173
583,110,202.27902042807668,134.30339346574533,3,1764874427.8510947
584,119,202.9875700111895,142.18959108354912,3,1764874428.8068078
585,128,202.1907736900163,190.7355696645,3,1764874429.9100006
586,101,200.32203058035114,64.96085286845224,3,1764874430.9464579
587,102,233.49249818708753,153.72237494091527,3,1764874431.87917
588,137,201.33868251045885,143.16841932625994,3,1764874433.1333597
589,133,201.73642122679885,174.19024190508784,3,1764874434.3626897
590,135,202.36262331640177,227.26887254470776,3,1764874435.730984
591,167,271.94857941703026,300.3597907274344,3,1764874437.3515184
592,143,202.99491062944773,294.3043165107943,3,1764874438.919062
593,82,199.99478448792766,74.98997126337642,3,1764874439.8926342
594,93,201.64006044854705,89.4130372130158,3,1764874440.8240204
595,333,166.3850392857407,672.3932236131997,3,1764874443.9835231
596,104,201.6414827230705,148.81506368502443,3,1764874445.2163377
597,163,256.46976959317806,302.1216817295913,3,1764874446.8011043
598,183,251.31025312321245,302.2719728388859,3,1764874448.5455017
599,170,268.57475714660086,302.19263484828275,3,1764874450.2288463
600,93,201.14301749350687,150.90603553425555,3,1764874451.192757
601,335,221.46309722129493,672.9990569091499,3,1764874454.2360885
602,330,158.09303082429545,672.5294267854078,3,1764874457.2942724
603,109,200.63883979143316,58.97148572650718,3,1764874458.3611827
604,110,201.98963304165915,173.38852467592693,3,1764874459.369339
605,84,202.55796185175325,54.247450957853374,3,1764874460.225553
606,132,238.61965195399836,302.3446024772152,3,1764874461.3570113
607,80,201.0585430031893,81.35649757820508,3,1764874462.1923342
608,106,200.97624756286106,144.32220644688283,3,1764874463.2129269
609,385,88.45602805176404,672.4761589703604,3,1764874467.3474488
610,120,213.9859696954952,155.46446252560122,3,1764874468.5281293
611,90,200.35872355263191,66.36578416778374,3,1764874469.4352024
612,97,202.86397816679462,98.81131190539506,3,1764874470.4155753
613,111,219.6127710490462,166.41034410909575,3,1764874471.5103796
614,86,312.91445504611465,152.26250057611279,3,1764874472.3169086
615,121,201.74873466836462,118.2083586698887,3,1764874473.3927348
616,341,85.12479661408321,672.3952306695663,3,1764874476.5471659
617,88,200.74799749956466,60.20527876366131,3,1764874477.3093383
618,108,202.60967028319783,89.41907535455388,3,1764874478.3191974
619,102,200.42603201973202,110.18139085349847,3,1764874479.1914024
620,100,202.94170947493038,141.0325882767175,3,1764874480.1896207
621,90,201.50499151523758,75.60302793415701,3,1764874481.0037482
622,309,173.80887309711366,672.3376294935982,3,1764874483.8166652
623,75,200.5448087313823,87.8835766145682,3,1764874484.5210474
624,158,245.8853507792196,310.9259575704831,3,1764874486.1595948
625,125,201.34581028103756,218.2331859990733,3,1764874487.3455036
626,339,190.97292819729637,672.4577997018622,3,1764874490.4861865
627,326,95.05964651712507,672.6854697259643,3,1764874493.2583067
628,87,200.1487564543732,85.2653920608087,3,1764874494.1460233
629,83,200.45065036753562,74.86765815973484,3,1764874494.8793175
630,92,201.63787896619752,122.8298635098599,3,1764874495.7138119
631,99,199.91724253450874,87.75027435899396,3,1764874496.6728957
632,128,202.60926269217322,189.0133190833326,3,1764874497.774297
633,143,201.65532384193259,227.8206286065166,3,1764874499.1565824
634,98,200.6668325133976,81.34107628683095,3,1764874500.0889542
635,98,228.17685275934826,151.85225162532265,3,1764874501.117813
636,109,201.5902689262372,154.73608090097207,3,1764874502.1902838
637,346,68.71074483312773,672.2400604080458,3,1764874505.3640149
638,186,254.88954570659422,300.3116509819086,3,1764874507.0845685
639,120,198.9273597841186,218.37450624851604,3,1764874508.2869573
640,144,247.35151147497888,300.3395232553875,3,1764874509.5963283
641,82,200.0679134923595,90.51868953525936,3,1764874510.3212097
642,73,200.3079787538058,70.06100767532908,3,1764874511.0061255
643,111,201.46389289437298,114.33397423082712,3,1764874512.0581079
644,77,199.64527234317848,120.45657094308231,3,1764874512.875925
645,90,202.11067338221216,106.64518192674812,3,1764874513.844901
646,369,24.971726875841625,668.1977960523973,3,1764874517.1424525
647,147,201.92419203180964,155.29432689178847,3,1764874518.2828662
648,81,202.31407498839434,76.93546042485326,3,1764874518.9043894
649,117,202.76384433111963,182.75520337511816,3,1764874519.7366295
650,339,92.92126679998539,672.8578120797551,3,1764874522.346969
651,108,201.94590850378225,129.71250207629006,3,1764874523.405871
652,83,200.42611234770166,77.06760933746648,3,1764874524.047624
653,96,202.4863331546259,119.80115089126089,3,1764874524.8464086
654,91,200.57536341357445,98.73717760996969,3,1764874525.5391166
655,284,134.9329456385893,672.1227889525396,3,1764874527.5506601
656,78,201.34810172579782,94.57052717040614,3,1764874528.1268165
657,113,200.46578459917598,132.52623909605927,3,1764874528.9254565
658,329,178.7299066847638,672.8401842759453,3,1764874531.566732
659,120,201.27762857095644,133.56444388819816,3,1764874532.4790728
660,106,201.34877914526987,95.82402849194648,3,1764874533.2911777
661,102,223.13168878317973,159.15089074346798,3,1764874534.0514727
662,111,200.808036884077,122.60679159311452,3,1764874534.9345562
663,89,202.5743223715669,141.7388273728483,3,1764874535.5916207
664,141,232.94728993087656,303.1373881961689,3,1764874536.7046938
665,354,138.93381672631563,672.0083223709787,3,1764874539.4091275
666,335,156.3050034579695,672.8491260512761,3,1764874541.9410634
667,75,308.5148785364037,151.83243496740636,3,1764874542.595163
668,290,172.51050921457556,672.0022163807449,3,1764874545.064069
669,133,201.40005187265575,186.18537600698718,3,1764874546.1188924
670,101,200.33201052304105,80.56476306428436,3,1764874546.9131372
671,81,202.4914713090485,84.19196635252787,3,1764874547.4945183
672,98,200.48328033034912,131.62788646574458,3,1764874548.2497334
673,70,201.09259824901648,77.52579352364434,3,1764874548.8690035
674,127,202.34176879558748,227.97497021971174,3,1764874549.7927005
675,336,176.28853520018464,672.1782961949192,3,1764874552.2186885
676,311,194.14106759139003,672.6474390697789,3,1764874554.5377078
677,112,201.2200973634605,94.76573807360997,3,1764874555.3534937
678,229,201.22092203102127,380.3715671188034,3,1764874557.0557115
679,84,202.55418054064145,82.26355847024233,3,1764874557.6513042
680,80,253.66386837599512,151.09359048628477,3,1764874558.2278116
681,90,286.676380995883,151.5604612040927,3,1764874558.9023328
682,94,201.29097338899862,92.8677601866495,3,1764874559.6213677
683,292,190.9084916243812,672.17227700261,3,1764874561.9245946
684,94,202.77854320436896,102.89821877012996,3,1764874562.766104
685,99,201.35715742681865,116.34285539734304,3,1764874563.5072439
686,370,161.92359608632432,672.7539472970072,3,1764874566.2774332
687,115,200.36648170945088,186.35166284525357,3,1764874567.2242005
688,293,194.10808970224443,672.8242181865517,3,1764874569.6140156
689,105,207.53932644132374,152.23722424133905,3,1764874570.530251
690,296,114.96087428494965,672.2601794246223,3,1764874572.9052007
691,109,202.2495343077743,131.58944504439268,3,1764874573.789868
692,124,202.10066021685273,178.60434753184984,3,1764874574.777718
693,320,168.60018520859754,672.8263258600356,3,1764874577.7003193
694,319,198.6449616614169,672.0386194382287,3,1764874580.466608
695,150,265.9476578911,300.28269094113017,3,1764874581.7759094
696,321,178.02255247951712,672.076689746123,3,1764874584.1676695
697,68,202.86428711251187,61.86425680146441,3,1764874584.6725082
698,81,202.05166678804744,65.83233204567095,3,1764874585.3073082
699,66,199.76323563932885,57.57969594243299,3,1764874585.8051927
700,104,202.65864116077296,115.07512328790492,3,1764874586.605763
701,108,212.70159162942517,161.3341507742727,3,1764874587.518457
702,245,300.4326404067426,450.3527555880314,3,1764874589.3521452
703,330,210.15826926382624,672.1224213016071,3,1764874592.0694242
704,93,202.55883834403443,64.87217410314253,3,1764874592.712981
705,92,201.1769234727985,156.92749999564947,3,1764874593.5508556
706,319,143.8634300379667,672.7513055380794,3,1764874595.958644
707,242,286.2591264514341,452.4357374777589,3,1764874597.7539632
708,100,200.66702875567108,119.88446917625453,3,1764874598.5284069
709,330,174.00522276731132,673.7913586676011,3,1764874601.1119814
710,77,202.86495297372323,65.75927286524343,3,1764874601.7196836
711,87,202.9308286584115,97.61019342340812,3,1764874602.3397155
712,88,250.24616337215875,151.46862269393313,3,1764874603.0071723
713,95,199.75766257396177,125.76666345020163,3,1764874603.747433
714,106,202.58474063236338,100.25359847002733,3,1764874604.5054092
715,93,200.57813257400608,85.86386940963378,3,1764874605.3259249
716,98,202.8250276088817,135.35386961855528,3,1764874606.1328855
717,125,202.3141605509778,157.47848894954953,3,1764874607.1443124
718,72,202.03723748685317,78.10522297858849,3,1764874607.6801662
719,118,198.67434148199828,219.11160204224046,3,1764874608.5619326
720,133,198.38300769630442,218.27867926215245,3,1764874609.6865497
721,92,199.814994826295,58.79764297206121,3,1764874610.404479
722,97,202.83282515271006,133.82226382805123,3,1764874611.2474098
723,316,153.72703595406773,673.0468269169755,3,1764874614.0438302
724,349,193.33394246840527,673.8728342170258,3,1764874617.083019
725,303,184.85124633690634,672.1691674414978,3,1764874619.855012
726,121,202.84606640982503,185.45766168017823,3,1764874620.9396632
727,100,202.53589710741966,146.81527332846557,3,1764874621.7713754
728,74,200.07671123730648,96.30811938204737,3,1764874622.3955626
729,113,202.76969943864202,149.2623888733479,3,1764874623.4191782
730,83,200.70994668393104,88.50924926935005,3,1764874624.0429907
731,160,202.71640067295158,178.18318850368686,3,1764874625.3231406
732,79,201.20700250330867,64.69565454213297,3,1764874625.9141834
733,129,184.7515312127144,218.02688857073218,3,1764874626.8641434
734,321,170.55829432448732,672.9652314252345,3,1764874629.58245
735,85,202.91816874134906,52.7407450731467,3,1764874630.203136
736,132,190.33076071821526,217.71393795003954,3,1764874631.2775717
737,118,202.9848960984208,227.01443697537238,3,1764874632.219164
738,91,202.13920615801754,103.61051976034076,3,1764874632.8912766
739,311,179.3751900468698,672.5117708676619,3,1764874635.2091618
740,301,174.38332385921575,672.9496843962097,3,1764874637.4028504
741,87,199.92461220623005,94.15039516871988,3,1764874638.1452332
742,77,201.78570610938584,63.32718774675007,3,1764874638.6424062
743,80,200.04833017153953,83.92558789840051,3,1764874639.1860487
744,98,201.70292703148837,128.90504425480148,3,1764874639.8526013
745,146,202.80800934925304,233.0173575683042,3,1764874640.9434686
746,112,201.9692229940497,144.97444711925618,3,1764874641.8780317
747,80,200.9820641549642,65.42748610075726,3,1764874642.483084
748,349,171.44392382067815,672.4902611501784,3,1764874645.2506309
749,230,320.2583583115774,453.44441361525105,3,1764874647.2859628
750,127,201.27020500591433,178.47645835494941,3,1764874648.3442316
751,340,157.58612040321876,672.7831762004679,3,1764874651.1715474
752,70,202.63847982252037,56.08232937314125,3,1764874651.7765062
753,113,202.67224616871013,170.30227368958836,3,1764874652.6944704
754,97,202.59729950037595,120.46488742007874,3,1764874653.4823916
755,88,199.72842335145685,79.42279443639288,3,1764874654.207364
756,106,201.92435913757274,166.37403406830282,3,1764874655.0337248
757,105,201.6401687258871,171.77885084095567,3,1764874655.8966324
758,83,201.90181669865459,110.98437527799649,3,1764874656.5477588
759,318,157.41773642033908,672.2028924470094,3,1764874658.9827557
760,121,202.75384212173898,156.47780878193987,3,1764874659.926711
761,329,132.12752296487844,672.8952665083381,3,1764874662.4459727
762,90,200.09518670514623,54.2335038248514,3,1764874663.0884593
763,70,201.77429572212588,78.74292528400797,3,1764874663.6789572
764,275,201.8317309051447,672.91535258953,3,1764874665.797358
765,173,274.61909301368786,329.01179766948616,3,1764874667.0396466
766,123,202.60651445255183,124.793783609162,3,1764874668.064098
767,106,201.63926240166458,96.2358429224644,3,1764874668.8884654
768,82,201.66488795184918,107.35306259037651,3,1764874669.5307717
769,82,200.8839592439695,103.84840379229848,3,1764874670.2205598
770,72,200.09276171935613,67.60455471958284,3,1764874670.7425237
771,66,200.39574514061349,63.59960802279319,3,1764874671.199903
772,81,199.75909800134372,83.72564562033224,3,1764874671.7954607
773,200,201.72337940738745,399.748435177858,3,1764874673.1082554
774,85,270.16192812909617,152.90502585497057,3,1764874673.6878455
775,72,202.29300824693541,54.880721593868884,3,1764874674.2000291
776,76,200.91671790531126,124.40535682987864,3,1764874674.7933838
777,83,201.0693398776735,57.76231516874401,3,1764874675.4084985
778,93,200.41089202427167,134.05779300501865,3,1764874676.1294699
779,76,200.65152907505103,74.2922782658103,3,1764874676.698455
780,87,199.9892884798515,103.93628495456093,3,1764874677.354292
781,63,202.94389436581042,58.81612738269571,3,1764874677.883991
782,92,202.54149666195727,75.05117248374046,3,1764874678.6519077
783,306,165.0023832289236,672.0206675157627,3,1764874681.2905588
784,100,202.04420711596498,145.55870917858448,3,1764874682.1455934
785,367,84.8507905133791,496.1491724452267,3,1764874685.1678767
786,101,202.9659900902045,132.86719519738804,3,1764874686.0141928
787,83,199.87977079744877,52.48888449938272,3,1764874686.683262
788,74,201.3443294636832,109.88541037032618,3,1764874687.3129313
789,80,201.93350938156544,88.54219398555061,3,1764874687.9866128
790,151,268.3609685024616,309.6713635858962,3,1764874689.2345462
791,103,200.74836948402213,131.37423742810796,3,1764874690.1094127
792,127,231.5111252775608,152.39689513088788,3,1764874691.4493876
793,114,214.64763375736314,171.45807014721402,3,1764874692.3473094
794,221,324.7238182257657,453.3851930290007,3,1764874694.0063732
795,75,200.16076740881385,69.1389606500981,3,1764874694.6308749
796,374,100.51809609188298,496.4418828249743,3,1764874697.6229947
797,413,85.11655871009916,495.3750964662978,3,1764874700.8442466
798,289,204.41282528972263,672.2923501251938,3,1764874703.0604668
799,67,202.37231218488705,44.5184568478891,3,1764874703.5765648
800,70,202.71839039116583,40.26179025486164,3,1764874704.2193935
801,77,201.01189190020938,120.6400454311952,3,1764874704.8213103
802,68,201.5760354915325,72.37639200202662,3,1764874705.3676765
803,105,202.65295202909047,175.78565476011931,3,1764874706.2778895
804,73,202.59923368829146,63.11461770612327,3,1764874706.9070175
805,464,26.404418381300093,507.745664262831,3,1764874710.6651447
806,300,168.114331598527,672.3215356446145,3,1764874712.9701526
807,82,199.8251505355421,117.83083429125422,3,1764874713.585853
808,108,200.40746736994032,147.57527649175412,3,1764874714.4958777
809,327,163.1081558726105,625.531923015451,3,1764874717.5451055
810,159,340.44038333024764,451.326198300588,3,1764874718.954933
811,68,202.49443168229232,69.02554413987252,3,1764874719.555776
812,80,202.842796862076,99.84979741778061,3,1764874720.280285
813,461,160.1069958849027,503.2745836096193,3,1764874723.7954006
814,307,203.65933625161364,672.0703683600569,3,1764874726.0157483
815,210,307.0019417992625,453.89646098148984,3,1764874727.6848989
816,71,308.3632731811784,154.90887482850292,3,1764874728.2465107
817,107,202.3911390779845,109.23096115174987,3,1764874729.1555529
818,98,201.93755426126086,140.73867208642554,3,1764874729.9550881
819,70,202.98143324196866,68.86649666283184,3,1764874730.4877944
820,63,202.19807388030438,91.53413653694206,3,1764874730.9198954
821,63,200.81237696955907,74.33176145672954,3,1764874731.3837068
822,392,27.594599480391743,538.7768251562845,3,1764874733.997152
823,90,317.3203751966085,152.006952004879,3,1764874734.5872374
824,331,199.05237204916028,672.8564373208518,3,1764874737.1064692
825,63,202.51942371047642,38.103241114944595,3,1764874737.61024
826,115,267.0814701734644,154.46918220990287,3,1764874738.4921238
827,82,202.0769663671822,79.46123152549886,3,1764874739.0494134
828,313,161.95589463621886,627.8389838123568,3,1764874741.5714862
829,60,202.81060975104677,52.71759997357647,3,1764874741.9644265
830,300,161.9762675722313,626.6288413236024,3,1764874744.1134987
831,81,202.79809977815046,50.004643154798714,3,1764874744.8474438
832,80,200.67548389310764,112.9522595610137,3,1764874745.5113964
833,89,200.249904737121,101.12812171455245,3,1764874746.2045898
834,388,65.14061062296993,495.47502179114645,3,1764874749.0099444
835,75,201.18480005234005,94.86082721704283,3,1764874749.6557066
836,101,200.15782376150298,127.50989123849303,3,1764874750.6179636
837,96,199.89717767064846,79.13239878268188,3,1764874751.4711788
838,78,200.99369929663754,61.62572146256085,3,1764874752.1653442
839,199,326.43396115660545,450.5674822598786,3,1764874753.9965608
840,86,200.5033296180522,100.42137615796237,3,1764874754.7514985
841,211,311.9147316947641,462.16194453181737,3,1764874756.487462
842,61,200.78016721417856,69.97314083733258,3,1764874757.0007832
843,390,25.532174771144422,532.5749677805793,3,1764874760.0268834
844,66,199.97783344753796,88.02358942719829,3,1764874760.5216668
845,78,201.49848323322496,115.68692607655318,3,1764874761.1536238
846,106,202.30875993869742,119.38244461447165,3,1764874761.9717226
847,84,200.08077401626474,85.16821068115125,3,1764874762.718119
848,93,199.84193294658658,45.410447047169285,3,1764874763.526914
849,296,196.40078729924855,627.8302619453575,3,1764874765.8776085
850,341,160.08705786171288,625.5656599130671,3,1764874768.4713666
851,324,167.78473521194863,626.9248603062317,3,1764874771.2196727
852,369,84.66332168438481,497.97014584222785,3,1764874773.9768445
853,80,200.8237242516496,73.01546303638341,3,1764874774.5816753
854,83,202.3174589157424,70.09853002690191,3,1764874775.282617
855,75,200.23804873016724,64.84059400691139,3,1764874775.955112
856,297,190.019883830752,672.2318566943554,3,1764874778.2456172
857,91,200.85208298948336,128.57036715745602,3,1764874778.9548743
858,95,201.45370797961496,132.46292005472688,3,1764874779.6856062
859,332,158.14271657366524,625.5567738583032,3,1764874782.3303275
860,107,201.17929161946853,121.65147733084312,3,1764874783.2617798
861,70,202.39049894041864,108.4448375428332,3,1764874783.804181
862,328,183.33494749737557,627.8283648692488,3,1764874786.6075287
863,84,202.62992179588406,86.19254658060933,3,1764874787.3493037
864,409,159.44286567241673,550.5736508464543,3,1764874790.6121585
865,96,202.7796624194627,136.66383298813017,3,1764874791.4394023
866,67,200.04211520294723,65.21048425625767,3,1764874791.9799943
867,306,178.3403062130428,626.4108801449794,3,1764874794.4337165
868,299,162.9146543561679,626.3793029144917,3,1764874796.7863154
869,140,309.55589539649856,327.9797387183564,3,1764874797.8077307
870,77,202.89035363677687,105.18634506184382,3,1764874798.325753
871,473,159.1097856249348,508.06496944735534,3,1764874801.9179952
872,204,340.3113595093345,453.3787000074836,3,1764874803.4910622
873,443,160.31770247595196,550.9469383737255,3,1764874806.6944451
874,73,200.5638924973126,105.83378040256775,3,1764874807.3056211
875,443,144.6641320268156,497.9679752251625,3,1764874810.7671347
876,83,200.42744108631058,70.9668743331879,3,1764874811.5308313
877,87,200.68232349772194,104.28792811695189,3,1764874812.3890193
878,98,201.03188095832712,145.94089098289962,3,1764874813.3925085
879,85,284.53785208139465,153.04587197301572,3,1764874814.1228356
880,90,199.69999399426786,80.64329085580357,3,1764874815.011514
881,88,199.94653854433008,115.77275780649367,3,1764874815.7640383
882,90,202.42731479367245,155.14914128406818,3,1764874816.5792255
883,90,199.87078542156692,124.86439419901274,3,1764874817.26915
884,451,96.0397099194379,495.85018373170215,3,1764874820.772383
885,68,200.90245613023785,71.52604884708818,3,1764874821.365966
886,287,190.87532080087772,627.5481724921541,3,1764874823.990161
887,79,200.8291903161511,90.15412206689498,3,1764874824.625846
888,61,199.97562301038323,55.77031954132637,3,1764874825.1312847
889,209,351.6680634836788,452.35521109895393,3,1764874826.8429163
890,384,25.606600115931755,629.4722994323959,3,1764874829.9691646
891,82,200.1677095739529,64.76594373233718,3,1764874830.7583072
892,145,279.97889171535354,317.6539777149861,3,1764874831.9794357
893,281,202.24816484265588,512.8198505862764,3,1764874834.1629963
894,72,200.94170380732226,66.93415664825227,3,1764874834.7195158
895,442,119.07470562526954,496.9620337394559,3,1764874838.1744878
896,82,201.91791963721448,91.25499700968982,3,1764874838.77833
897,434,158.49701023631553,497.9790822846124,3,1764874842.3630424
898,373,27.991398098566748,610.5382076772514,3,1764874845.4733496
899,155,276.43785035126075,323.1086619429898,3,1764874846.82127
900,396,26.07309382612196,628.176668669209,3,1764874849.9449139
901,73,202.4924825103439,59.454076510721606,3,1764874850.5878086
902,388,75.34551770772435,495.28729422933066,3,1764874853.6625903
903,395,27.654796325002806,616.5186897764228,3,1764874856.620008
904,83,202.192793973053,143.42507967031275,3,1764874857.2311153
905,65,343.72665803629565,150.17536692586125,3,1764874857.8608606
906,67,200.4287069152637,88.34635744613506,3,1764874858.3464286
907,75,201.2232126182326,78.84007816266426,3,1764874858.9197814
908,377,26.463882145321847,591.7833424612103,3,1764874862.1861615
909,71,202.77858742848437,124.74823628811626,3,1764874862.7520475
910,98,199.93186598219594,100.82417772426474,3,1764874863.5069418
911,85,201.93259049553382,128.58999619238529,3,1764874864.215261
912,507,27.74412004350627,632.7097549650914,3,1764874868.1727452
913,376,26.618743226271114,602.3237393369544,3,1764874871.1098738
914,67,200.34611453176097,70.95767636661965,3,1764874871.6565866
915,439,71.41075835327598,496.25827736260663,3,1764874875.0141592
916,395,81.71798096939722,496.8956269080649,3,1764874878.5722399
917,79,200.91885644365442,140.92172671864463,3,1764874879.2725563
918,110,202.3258876886764,235.7891564590329,3,1764874880.2542257
919,59,340.849346331387,151.36225989136173,3,1764874880.7826202
920,439,27.23734901746396,638.4683330809415,3,1764874884.5072439
921,83,202.1630633705809,97.51260329356094,3,1764874885.137061
922,65,202.51901826144342,47.85075483828622,3,1764874885.6486812
923,97,200.0757994262122,94.33496125484426,3,1764874886.4206705
924,83,201.48321027238578,75.7179409648095,3,1764874887.0785081
925,53,202.93098125816454,52.4101802907428,3,1764874887.4909542
926,94,200.36255989416654,165.1013562818695,3,1764874888.2483833
927,73,202.67109499221112,103.24729430284492,3,1764874888.8433828
928,91,199.52761260705418,127.55466169305423,3,1764874889.4905138
929,70,199.916937237639,87.99668057315083,3,1764874890.129357
930,408,25.30020242404212,648.4918008001663,3,1764874893.5356915
931,72,200.45977322950182,98.27535489034892,3,1764874894.1750093
932,82,326.4869202877728,151.72166157905295,3,1764874894.7836347
933,118,202.71886344028766,181.6101515163516,3,1764874895.6965206
934,76,199.56436877804202,45.15872755331435,3,1764874896.3119962
935,646,66.86019202390762,495.4046412242191,3,1764874901.2708373
936,295,204.23488934820264,672.7339089763159,3,1764874903.615393
937,408,101.85268098324512,497.61416393217326,3,1764874906.8743808
938,391,25.2321187914305,583.5158303610332,3,1764874909.7285864
939,341,27.467328886580475,574.4752010114363,3,1764874912.739463
940,272,216.12253405600038,672.3897066946013,3,1764874915.1284077
941,374,26.04835588534832,574.129342996582,3,1764874918.1964211
942,71,202.0815290028829,70.70816366213471,3,1764874918.7762372
943,96,296.129054745276,157.28687769917246,3,1764874919.5283525
944,110,375.467244081374,302.23922740975576,3,1764874920.445782
945,277,218.53050956230877,672.448484906735,3,1764874922.7811055
946,353,26.188919715941502,566.9910808972136,3,1764874925.3939757
947,83,200.54241637188832,121.40233637191679,3,1764874925.984964
948,357,26.585714093447088,566.9862261539122,3,1764874928.8678038
949,424,86.01813351036893,496.38479882322343,3,1764874932.0958323
950,334,26.402990357134975,573.3017264046555,3,1764874934.5554402
951,333,175.94420872784028,626.452980738492,3,1764874937.1097052
952,339,27.935694635413192,562.7932536105941,3,1764874939.9872181
953,263,330.7710385792069,672.268790814342,3,1764874942.0870025
954,104,271.78145875868415,152.61315278565965,3,1764874942.9442036
955,142,398.5849122419367,300.5600721278407,3,1764874944.0434952
956,385,27.299940796814568,567.1563112701796,3,1764874947.5504131
957,69,201.79320406611822,96.26012063721771,3,1764874948.199039
958,100,252.78988587218163,152.00779765834196,3,1764874949.2039883
959,173,375.11037438760144,453.06318261341517,3,1764874950.74145
960,203,348.0493940476843,450.8809711868871,3,1764874952.4970493
961,293,183.79493289078795,627.7428966180499,3,1764874954.7536378
962,88,202.51801360220048,72.20108102788546,3,1764874955.4308038
963,312,194.94110568736636,672.0489527523046,3,1764874957.7749655
964,406,27.858157861726497,566.3741424875176,3,1764874960.8806849
965,314,169.48395759705537,627.6288545195476,3,1764874963.2176743
966,389,61.529221548439615,494.62690226196554,3,1764874966.1800277
967,322,159.14973444053584,626.3396617745244,3,1764874968.6596563
968,274,239.90122219094263,673.2006755551195,3,1764874970.6954734
969,217,368.140618335876,452.9366888199949,3,1764874972.31615
970,273,360.8094134288689,673.8086044208732,3,1764874974.84866
971,185,459.7014019033421,450.6227649105838,3,1764874976.2539208
972,279,253.8215716241593,673.9610562697949,3,1764874978.5451317
973,77,378.639764901662,152.05169657286987,3,1764874979.1926382
974,318,309.65912584974745,674.6715016147298,3,1764874982.0194716
975,269,393.2535755647648,672.0506256331714,3,1764874984.4018965
976,303,242.6137597774961,672.2250004505763,3,1764874986.8685849
977,281,246.29304332656562,673.3380115056103,3,1764874989.3678198
978,266,443.2836920662087,672.3159542478224,3,1764874991.6362011
979,307,213.48743164417314,672.1718139208144,3,1764874994.3097548
980,249,340.8931905562293,672.7613280997589,3,1764874996.2479117
981,69,398.0524528073105,157.09072075531665,3,1764874996.8164601
982,252,393.6617368627421,672.5375579180895,3,1764874998.8128326
983,317,239.07756257566197,672.3721125689523,3,1764875001.2813888
984,294,257.0952484528468,673.5719851469119,3,1764875003.7566803
985,86,372.0335155601004,173.58517787203064,3,1764875004.4995875
986,302,277.2660888521009,673.479315419315,3,1764875006.9535131
987,136,446.16353733641415,313.5544197982762,3,1764875008.0694442
988,298,227.8073537512412,672.4369555756507,3,1764875010.5448725
989,302,259.49402712023954,672.2313066665655,3,1764875012.9432085
990,299,276.2817762111943,672.859497071117,3,1764875015.2289593
991,319,294.7568409661363,672.1158516699461,3,1764875017.730442
992,310,261.0223171970852,673.6768845968468,3,1764875020.0796924
993,195,390.8561458427329,452.0789403280295,3,1764875021.699252
994,274,269.176316577776,673.5053384484839,3,1764875024.074661
995,90,365.8212041487808,152.98252882978665,3,1764875024.8166938
996,292,243.80295539927081,672.36303291775,3,1764875027.2114325
997,158,368.9784234111971,301.4132499049057,3,1764875028.3975587
998,308,278.89457157974743,672.175841664115,3,1764875030.6410036
999,220,393.048012723336,450.16846650984235,3,1764875032.0883102
1000,255,299.5372958529764,672.4587005950607,3,1764875033.9796817
1001,317,288.31133882491446,674.4692685219886,3,1764875036.595238
1002,209,388.188331300775,473.4154480929416,3,1764875038.2353694
1003,211,385.392561704252,457.93651005688247,3,1764875039.8877637
1004,305,272.58872236502543,672.1148077237087,3,1764875042.449408
1005,262,294.1649897647499,673.8011773488707,3,1764875044.469124
1006,301,246.27637541498353,673.5997957965707,3,1764875046.810854
1007,281,279.44164353625786,672.4801114817902,3,1764875049.3711548
1008,222,380.0182220030707,467.5803184774895,3,1764875051.2452693
1009,292,253.58775715547264,672.3108115360029,3,1764875053.71272
1010,226,365.21267329459727,477.4806832183904,3,1764875055.395181
1011,313,255.95382923884577,672.4518236115034,3,1764875058.1390827
1012,306,267.73306692550614,672.2124155727518,3,1764875060.8226697
1013,80,199.79348355335384,76.84632207036579,3,1764875061.5207233
1014,289,294.15993115235125,672.2432598535336,3,1764875063.910137
1015,291,295.95062369642585,673.0477484707214,3,1764875066.189047
1016,75,412.56182211086775,177.27582373440794,3,1764875066.7823102
1017,194,441.429245727924,475.81344982649944,3,1764875068.327989
1018,261,305.25154597298155,673.0694343157411,3,1764875070.4647503
1019,68,202.60881851316245,79.19404375945628,3,1764875071.0644383
1020,332,261.7586040893747,674.0524381484757,3,1764875073.7230527
1021,304,271.222712142466,673.9617787259828,3,1764875076.1513178
1022,95,361.100390846143,157.29926597574658,3,1764875076.942789
1023,81,202.12559519729854,82.79915344379027,3,1764875077.6375263
1024,64,202.19977835018324,54.57567649425208,3,1764875078.131071
1025,283,295.91697210057123,672.0164457242297,3,1764875080.4141674
1026,296,294.1316128976841,672.134431958649,3,1764875082.6445312
1027,322,291.32514551531057,673.7192751956367,3,1764875085.2070026
1028,74,200.09965970668117,85.51240362344109,3,1764875085.8734276
1029,90,369.01699546657113,151.29599295975072,3,1764875086.6201847
1030,296,261.1140753272121,672.4423376243633,3,1764875088.9456
1031,155,379.52544712700677,301.8574034440207,3,1764875090.1713068
1032,95,201.1506526090898,116.1824126449191,3,1764875090.920758
1033,82,201.31069413916106,85.47019326108766,3,1764875091.571847
1034,62,202.7982011404087,54.28223928163206,3,1764875092.0664027
1035,319,286.80289916980746,673.7724347087411,3,1764875094.5648477
1036,98,201.814315709266,132.60746590499602,3,1764875095.2804787
1037,307,307.1738181668792,672.7135921835805,3,1764875097.6536117
1038,191,473.7268372883888,472.7025822227243,3,1764875099.2118955
1039,124,463.100208290744,310.4298691540423,3,1764875100.266838
1040,60,202.226415463541,52.74540589655125,3,1764875100.8481004
1041,282,307.5649984136904,673.522247467533,3,1764875103.1201873
1042,190,447.6114998294822,451.56825807500616,3,1764875104.6462426
1043,62,202.35960103032983,44.81423330651431,3,1764875105.1624098
1044,59,200.37447017494196,49.69031174558448,3,1764875105.648142
1045,287,345.61536201603127,672.3299617900809,3,1764875107.913719
1046,282,294.13901693404677,672.1514836579317,3,1764875110.318884
1047,298,279.7860149724029,673.7864157791131,3,1764875112.6652725
1048,293,292.99273099022696,673.8128018290457,3,1764875115.29968
1049,306,210.33161948885473,672.5269968779747,3,1764875117.9062977
1050,279,297.2571486267662,673.467616468243,3,1764875120.1293027
1051,296,292.1932552385604,673.032103581642,3,1764875122.4112556
1052,292,292.93820357516955,672.6980591080596,3,1764875124.7350068
1053,75,199.90941617280492,84.6495917890248,3,1764875125.3512645
1054,75,200.80300824046972,114.85848131917484,3,1764875125.987501
1055,298,231.80598897273154,673.758728248497,3,1764875128.375883
1056,81,199.8392193891712,117.96360531262096,3,1764875128.968726
1057,91,202.81477797021188,107.05580177528981,3,1764875129.6477828
1058,103,201.72173604906575,147.47849611420057,3,1764875130.5768738
1059,298,287.6173047602035,673.4945770742031,3,1764875132.9709537
1060,79,202.43890496828146,57.61685884942854,3,1764875133.5850909
1061,74,200.2539701370945,75.94856494385267,3,1764875134.162991
1062,61,200.6545723690087,108.41491586813646,3,1764875134.7010214
1063,275,228.8068829121812,674.2348624424751,3,1764875136.8538709
1064,76,202.41267253252886,50.30968825441552,3,1764875137.4676874
1065,172,393.7074811739666,305.22423891256943,3,1764875138.9279122
1066,72,202.79708589322854,74.77502650506393,3,1764875139.5030777
1067,80,380.90599224524124,152.09921970801386,3,1764875140.1837547
1068,263,309.01066594156646,672.7815929671249,3,1764875142.4258456
1069,102,256.48809204455733,153.0212836002579,3,1764875143.3130164
1070,86,200.78687497123246,111.63284195707573,3,1764875144.0635443
1071,59,199.75051996826298,78.7782157418045,3,1764875144.5989745
1072,64,200.05280451233406,67.30415290923357,3,1764875145.1407518
1073,307,295.22680325680017,673.1196614037825,3,1764875147.5570912
1074,64,202.71960876462435,74.97884779364985,3,1764875148.0515437
1075,281,301.01625294957944,673.3353018922122,3,1764875150.2745593
1076,187,394.52139946256744,321.47970983518417,3,1764875151.7686453
1077,82,202.34492829157693,72.33272632441795,3,1764875152.4634755
1078,259,310.52136586437985,673.3693188581693,3,1764875154.5487664
1079,73,202.77868953465145,83.67450364136823,3,1764875155.0926495
1080,54,202.63807437348737,57.29322346201104,3,1764875155.514366
1081,296,298.115521080319,673.0339153882284,3,1764875157.8486028
1082,282,236.22511315079714,674.0226280233962,3,1764875160.3131032
1083,257,332.5629033288793,672.2582064238862,3,1764875162.3039913
1084,297,306.48664212290623,673.2602517889396,3,1764875164.6009812
1085,315,315.0212296342144,673.2958129016421,3,1764875167.1986687
1086,224,338.74610750058963,478.9802956030919,3,1764875169.0782049
1087,288,229.34411611978436,674.2026097010695,3,1764875171.5655017
1088,79,201.0671744569047,100.03347426165024,3,1764875172.1795814
1089,275,239.6708362669667,673.9570376327241,3,1764875174.3067784
1090,287,307.1215306498473,672.8835941722439,3,1764875176.7432356
1091,280,239.38421682274256,672.992200442077,3,1764875179.1447442
1092,291,260.706913820203,672.6055946079185,3,1764875181.4206774
1093,106,356.8965109589097,151.25101835970162,3,1764875182.2030997
1094,299,217.866118746531,672.3710713716674,3,1764875184.4752204
1095,72,200.1290367422644,97.13654806142338,3,1764875185.0711048
1096,302,240.35378549375847,672.8893101793602,3,1764875187.3432767
1097,140,446.2491534398289,301.0316606545739,3,1764875188.3748534
1098,72,200.56924002331533,76.90776153770226,3,1764875188.9705696
1099,82,200.9958910599196,61.4874370226629,3,1764875189.5744019
1100,114,335.17141223532747,150.02448651868895,3,1764875190.5452795
1101,270,265.8020281284341,672.8281534583235,3,1764875192.5836694
1102,78,260.05595050739396,151.8693789364517,3,1764875193.1466439
1103,141,283.4069738315826,300.515775197436,3,1764875194.0968676
1104,67,200.63689407568725,87.95434781080769,3,1764875194.5509534
1105,311,261.86459229868683,673.7912399923005,3,1764875197.180561
1106,60,199.59029712701988,63.990286189184616,3,1764875197.6340122
1107,72,201.52812197583586,93.29983478232006,3,1764875198.1878247
1108,272,253.64315907158547,674.2942363769378,3,1764875200.2525077
1109,243,225.03372270788893,672.0304197344351,3,1764875202.0096629
1110,258,234.9075934025926,673.1506313669141,3,1764875203.9537485
1111,278,255.80659050597254,672.1030062219758,3,1764875206.3079636
1112,301,239.86021877929326,672.5828686867706,3,1764875209.5695398
1113,278,247.84674093736237,672.9799035104722,3,1764875211.9812446
1114,280,251.01855664745494,674.2201986854121,3,1764875212.9994235
1115,79,202.41881470227813,82.93961111971826,3,1764875213.2862206
1116,76,202.03045031891673,99.28359838486915,3,1764875213.519544
1117,73,200.99470614921842,100.68923841235997,3,1764875213.772815
1118,57,202.8115196970876,54.554782297657866,3,1764875214.0224297
1119,325,278.0575542786368,673.3930552824487,3,1764875215.0308428
1120,89,263.086790214088,152.6884575432731,3,1764875215.3238513
1121,298,296.29160722409597,673.0056633216639,3,1764875216.2930007
1122,291,233.1530121608395,673.408246254277,3,1764875217.315327
1123,265,226.2973700564244,673.4034130931749,3,1764875218.140639
1124,72,202.23841156213948,96.50187969752541,3,1764875218.3732355
1125,89,200.7750505154019,88.80759238398069,3,1764875218.6467392
1126,69,199.7322576740951,55.104811447400934,3,1764875218.8820162
1127,63,202.69177735421815,105.36175579478575,3,1764875219.1002307
1128,56,202.9088980676422,57.53400432643697,3,1764875219.2807813
1129,248,232.06025497867398,673.5605534429418,3,1764875220.1391695
1130,63,202.5371350896849,98.3430011225637,3,1764875220.3313394
1131,263,236.9542803896258,674.1468188399499,3,1764875221.1581833
1132,58,201.89315065250898,78.42398605720669,3,1764875221.3189707
1133,303,266.8933855095878,672.3079618205146,3,1764875222.1182482
1134,298,236.60836816455094,673.4841445362803,3,1764875222.9032795
1135,66,200.1142517054684,60.85446621507131,3,1764875223.111557
1136,67,301.30911091929556,160.26830395697021,3,1764875223.2815142
1137,266,229.45844544403374,673.7216373052775,3,1764875223.9762542
1138,87,270.4719166137424,151.2495726888559,3,1764875224.2270386
1139,86,248.5289002241482,164.969980081791,3,1764875224.4687319
1140,80,201.2880971724137,126.0254414208442,3,1764875224.6920469
1141,244,224.84289272586042,672.938301455529,3,1764875225.3168225
1142,328,27.61302987298441,556.5412272095851,3,1764875226.1565673
1143,73,202.06155713636102,80.52954435359099,3,1764875226.328312
1144,248,238.84412552269467,673.3779114724994,3,1764875226.9398127
1145,285,246.2206867263095,672.7396316193441,3,1764875227.709098
1146,74,201.72787661972043,97.63878854336713,3,1764875227.9079068
1147,298,191.5781330592571,674.0687826182938,3,1764875228.6441853
1148,85,202.74736410345224,165.70718859514042,3,1764875228.8476405
1149,295,214.80445768683765,672.7230363157443,3,1764875229.6828659
1150,75,201.45005268579501,130.37385697420584,3,1764875229.911365
1151,67,201.8298958807862,80.59396639806216,3,1764875230.101249
1152,228,265.13791759235613,673.1111199493382,3,1764875230.7260294
1153,251,228.13408589058187,672.3430455351541,3,1764875231.4547296
1154,152,291.999004518438,320.61418313019334,3,1764875231.8626957
1155,262,228.20161194869937,673.4659250042724,3,1764875232.5700433
1156,67,200.41920584151148,112.76027498618355,3,1764875232.7343142
1157,62,201.43902432881453,73.55513630469514,3,1764875232.9057713
1158,85,202.50155797523067,123.17701333048078,3,1764875233.1317189
1159,130,319.47478878323545,307.88274721560686,3,1764875233.4572542
1160,258,294.84652775198197,673.3364068223661,3,1764875234.0959184
1161,168,342.7119634061825,452.301942409894,3,1764875234.5078998
1162,255,252.4390305852814,673.3671687131554,3,1764875235.1160724
1163,279,220.3934263281683,672.6062801159778,3,1764875235.894792
1164,94,201.08756234851384,106.60733331727288,3,1764875236.147399
1165,234,284.44443965531326,674.1958252502142,3,1764875236.6997557
1166,250,287.11122805814006,672.5715776427511,3,1764875237.3934267
1167,144,307.7203345641946,300.1122382880709,3,1764875237.7819123
1168,144,284.3827112557072,300.40763651736466,3,1764875238.122342
1169,268,222.7498316076826,672.5329568718684,3,1764875238.7991204
1170,250,248.829778816762,673.8002723745878,3,1764875239.388267
1171,251,232.03617536192388,673.1330281312231,3,1764875239.9914956
1172,110,358.86318372498806,315.7232405572818,3,1764875240.244576
1173,153,370.1686327657426,467.0651037976255,3,1764875240.597227
1174,204,216.5416637488216,453.3476347250747,3,1764875241.0644116
1175,76,202.28517220449095,94.99427754865718,3,1764875241.243117
1176,229,309.135775587444,672.785365543277,3,1764875241.8225482
1177,82,202.80766900944087,92.79241845193644,3,1764875242.037511
1178,265,287.3340969796164,673.9608830506202,3,1764875242.6841588
1179,58,334.5652970658003,175.23983400800836,3,1764875242.825098
